Title,URL
Automatic Ad Optimization and Budget Estimation with AI,https://www.davidpublisher.com/Public/uploads/Contribute/678efad4899ab.pdf
Toward an Integrated Framework for Automated Development and Optimization of Online Advertising Campaigns,https://arxiv.org/abs/1208.1187
Keyword Optimization in Sponsored Search Advertising: A Multi-Level Computational Framework,https://arxiv.org/abs/2202.13506
AiAds: Automated and Intelligent Advertising System for Sponsored Search,https://arxiv.org/abs/1907.12118
Artificial Intelligence in Advertising (SAGE Journal),https://journals.sagepub.com/doi/10.1177/21582440231210759
Role of Automation in PPC Management: Google Ads Smart Bidding Strategies,https://www.researchgate.net/publication/350399882
AI Max for Search Campaigns – Google Ads Blog,https://blog.google/products/ads-commerce/google-ai-max-for-search-campaigns/
AI-Optimized PPC Campaigns for Google Ads – Workshop Digital,https://www.workshopdigital.com/blog/ai-optimized-ppc-google-ads/
AI Max Google Ads: How to Harness Google’s Latest Automation – Spider AF,https://spideraf.com/articles/ai-max-google-ads-how-to-harness-googles-latest-automation-while-protecting-your-budget
Leveraging Generative AI in Google Ads Scripts – Search Engine Land,https://searchengineland.com/generative-ai-scripts-google-ads-optimization-453065
How to Write Better Ad Copy with Google AI-Assisted Features – Thrive Agency,https://thriveagency.com/news/how-to-write-better-ad-copy-when-google-ads-uses-ai-assisted-features/
AI-Driven Optimization for Google Ads – Houseware,https://www.houseware.io/blog/ai-driven-optimization-for-google-ads-using-ai-to-transform-your-google-ads-strategy
Google Ads Automation: 4 Winning Strategies – Inflow,https://www.goinflow.com/blog/google-ads-automation/
Adapting to Google Ads Automation & AI – WhatConverts,https://www.whatconverts.com/blog/google-ads-automation-shift/
Adthena (AI Search Intelligence Platform),https://en.wikipedia.org/wiki/Adthena
Omneky (AI Creative & Campaign Automation),https://en.wikipedia.org/wiki/Omneky
Fluency AI AdTech Platform – Business Insider,https://www.businessinsider.com/pitch-deck-fluency-series-a-agentic-ai-adtech-platform-2025-12
Google Ads AI-Powered Solutions,https://ads.google.com/intl/en_us/home/campaigns/ai-powered-ad-solutions/
IAB Europe AI Whitepaper (Strategic Implementation),https://iabeurope.eu/wp-content/uploads/IAB-Europe-AI-Whitepaper-July-2025.pdf
ERGO AI Search White Paper (Insurance Case Study),https://www.ergo.com/content/dam/ergocom/en/pdf/company/corporate-governance/20250624-ergo-white-paper-search-en.pdf
Google Help Center: About Smart Bidding,https://support.google.com/google-ads/answer/7065882
DataFeedWatch: Using Gemini & ChatGPT for Google Ads,https://www.datafeedwatch.com/blog/google-ads-ai-copywriting
"Search Engine Land: The ""Power Pair"" (Broad Match + Smart Bidding)",https://searchengineland.com/google-ads-broad-match-smart-bidding-394145
Google Cloud Blog: Generative AI in Ad Creative,https://cloud.google.com/blog/topics/retail/how-retailers-are-using-generative-ai
Spider AF: Research on AI Max & Spend Protection,https://spideraf.com/blog/pmax-optimization-guide